{
  "drive": {
    "p": 0.0040645,
    "i": 0,
    "d": 0,
    "f": 0,
    "iz": 0
  },
  "angle": {
    "p": 0.00525,
    "i": 0.0,
    "d": 0.00025,
    "f": 0,
    "iz": 0
  }
}